ID,Location,Size_in_sqft,Bedrooms,Bathrooms,Year_Built,Garage,Condition,Price_in_USD
1,Denver,3576,2,2,2014,Yes,Good,986248
2,Seattle,1403,4,3,2000,No,Poor,171867
3,San Francisco,967,1,3,2021,No,Good,256255
4,Miami,2002,2,4,2016,No,Fair,394794
5,Chicago,2745,5,2,1987,No,Good,472140
6,San Francisco,2982,1,2,1979,Yes,Excellent,943962
7,New York,3390,3,2,1982,No,Good,847500
8,Boston,2362,5,3,2010,Yes,Excellent,639236
9,Chicago,1204,4,1,2007,Yes,Excellent,317742
10,Seattle,1810,5,1,1983,No,Excellent,584268
11,Boston,2639,5,2,2015,Yes,Good,764754
12,Seattle,2966,1,4,1974,Yes,Fair,539431
13,San Francisco,2114,5,1,1999,Yes,Good,363038
14,New York,3005,2,2,1975,Yes,Excellent,864622
15,New York,2926,2,2,1997,No,Poor,606267
16,Austin,2592,1,1,1995,No,Fair,548596
17,Seattle,2254,5,3,1972,No,Excellent,760048
18,Boston,1620,4,3,2020,No,Excellent,482112
19,Denver,1482,2,1,1976,Yes,Fair,221629
20,Boston,1556,4,2,1992,No,Fair,297585
21,Denver,2953,5,3,2010,No,Excellent,1006382
22,New York,2634,5,4,2013,No,Poor,377979
23,San Francisco,991,4,3,1975,No,Excellent,195028
24,Seattle,3084,2,1,2004,No,Excellent,810475
25,Austin,3946,4,2,1971,No,Good,1069366
26,Chicago,3652,3,3,1976,No,Fair,465630
27,Austin,1390,2,1,1986,Yes,Poor,161788
28,San Francisco,833,3,1,2007,Yes,Good,218250
29,San Francisco,2277,4,1,1974,No,Good,432630
30,Chicago,3156,3,3,1997,Yes,Excellent,846971
31,New York,2917,3,2,1997,No,Good,457969
32,Chicago,2084,1,4,1972,No,Good,323020
33,Denver,1371,4,2,1973,Yes,Poor,177947
34,Austin,2555,2,4,1974,No,Excellent,784896
35,Boston,2520,1,2,1986,No,Poor,430416
36,Seattle,1880,3,3,1999,No,Excellent,557232
37,Denver,2996,2,4,1999,No,Excellent,934752
38,Miami,1937,4,1,1973,Yes,Good,387715
39,New York,3749,5,2,2022,Yes,Poor,603091
40,Chicago,3045,3,1,1979,Yes,Good,582460
41,New York,2359,3,3,2003,Yes,Poor,439338
42,Denver,2106,2,1,1971,Yes,Excellent,725197
43,Miami,3412,4,3,2003,Yes,Poor,623818
44,Miami,1502,4,4,1988,Yes,Good,417042
45,Boston,3394,3,2,1998,No,Excellent,692376
46,Chicago,1750,3,4,2020,No,Excellent,485100
47,Austin,987,2,4,2008,No,Good,255633
48,Boston,3090,3,1,1989,No,Fair,420240
49,New York,2432,1,4,1974,Yes,Fair,501993
50,Denver,2229,4,3,1984,No,Excellent,510886
51,New York,1201,4,3,1976,Yes,Good,235788
52,Seattle,3342,3,4,1985,No,Fair,636316
53,San Francisco,2682,1,4,1993,No,Good,726822
54,New York,2466,5,3,2000,Yes,Good,574714
55,Austin,3072,3,3,1983,Yes,Excellent,865244
56,Miami,3302,1,2,1972,Yes,Excellent,647946
57,Austin,3850,1,2,1992,No,Good,870100
58,Miami,1007,2,2,2014,No,Good,154071
59,San Francisco,2598,2,3,1989,Yes,Excellent,727048
60,Austin,2270,4,1,1983,No,Excellent,656484
61,San Francisco,2731,2,1,2015,No,Excellent,897952
62,New York,2311,5,4,1982,Yes,Poor,490456
63,Denver,3993,2,2,2021,Yes,Fair,987486
64,Chicago,3762,3,2,1975,No,Poor,408177
65,Miami,2749,3,3,1994,No,Excellent,966548
66,San Francisco,3456,1,3,2009,Yes,Excellent,839440
67,Miami,3605,4,4,2013,No,Excellent,661878
68,Austin,2355,1,4,1982,Yes,Excellent,708022
69,New York,1560,5,2,1986,No,Good,418080
70,San Francisco,807,5,3,2002,Yes,Good,194803
71,Austin,2365,4,1,2014,No,Excellent,437052
72,Austin,3317,1,2,2000,No,Good,530720
73,Boston,1646,3,4,1995,Yes,Good,464296
74,Boston,3384,4,4,2004,No,Excellent,791856
75,New York,2989,1,3,1974,No,Good,505141
76,Boston,2453,3,3,2012,Yes,Good,436822
77,Denver,2087,2,3,1974,Yes,Good,629839
78,Miami,2921,5,1,1985,No,Good,829564
79,Miami,3896,4,1,1982,No,Excellent,1117372
80,Boston,3171,5,2,1981,No,Good,624687
81,Boston,2859,5,3,2002,Yes,Excellent,586374
82,Denver,3267,4,4,2006,No,Good,891891
83,San Francisco,3447,5,4,2016,No,Poor,554967
84,Denver,935,4,1,1999,Yes,Good,193260
85,San Francisco,3665,2,3,2011,Yes,Excellent,1289818
86,Chicago,1321,1,3,2010,No,Poor,200659
87,Austin,1727,5,1,2001,No,Good,412753
88,Boston,3083,4,3,1980,Yes,Good,589604
89,Denver,1000,5,2,2006,No,Fair,158100
90,Denver,2876,1,1,2008,Yes,Good,501796
91,Boston,3128,4,2,1976,Yes,Excellent,982182
92,San Francisco,963,5,4,2006,No,Poor,185377
93,Boston,1431,4,1,1976,Yes,Good,407818
94,Austin,3627,4,4,1975,No,Good,837837
95,Austin,2192,4,4,2019,No,Fair,398724
96,Denver,1691,1,3,1980,No,Fair,347838
97,Chicago,3044,4,1,2018,Yes,Poor,536307
98,Boston,3729,1,1,1995,Yes,Fair,631251
99,Miami,3716,3,4,1993,No,Excellent,1141555
100,Austin,1939,5,2,1988,Yes,Excellent,414863
101,San Francisco,1868,1,1,2004,No,Excellent,667996
102,Austin,1552,2,2,2006,Yes,Poor,249007
103,Seattle,3454,5,2,2016,No,Excellent,1243440
104,San Francisco,3349,3,2,1979,No,Good,887485
105,Boston,2367,1,1,2021,Yes,Good,436060
106,Miami,2976,5,1,1993,Yes,Poor,568297
107,New York,1841,4,2,1978,Yes,Good,387405
108,New York,3964,5,2,2020,Yes,Fair,633339
109,Chicago,1139,2,1,1978,No,Good,226661
110,San Francisco,885,3,1,1996,No,Excellent,300546
111,San Francisco,2384,2,3,1977,No,Good,562624
112,Miami,1347,5,4,1973,Yes,Good,224173
113,Boston,846,1,4,1973,Yes,Good,257032
114,Boston,3186,3,3,2007,Yes,Good,857476
115,Miami,3430,3,3,1997,Yes,Excellent,1022536
116,Chicago,3218,1,1,2019,No,Good,595330
117,Austin,1163,4,2,1991,Yes,Excellent,406350
118,Chicago,2374,3,4,1973,Yes,Fair,395418
119,Denver,3291,4,1,1987,No,Fair,788852
120,Seattle,1151,2,2,1995,No,Excellent,208561
121,San Francisco,2095,4,1,1984,No,Excellent,719004
122,Chicago,3546,2,4,2013,No,Poor,704944
123,Boston,1306,5,4,1983,No,Good,291238
124,Chicago,938,5,4,2020,No,Good,189476
125,New York,3871,2,3,1997,Yes,Excellent,776458
126,Denver,2337,1,3,2012,No,Good,668382
127,San Francisco,1565,5,4,2015,Yes,Excellent,509548
128,Boston,3916,5,1,1976,No,Fair,895393
129,Miami,2876,2,1,2009,Yes,Excellent,917665
130,San Francisco,2619,1,4,2001,No,Excellent,527990
131,Denver,2890,1,1,2006,Yes,Good,489740
132,Austin,3937,1,3,2015,No,Good,964565
133,Boston,3141,1,3,1985,Yes,Fair,626735
134,Boston,2668,1,2,1970,Yes,Excellent,967278
135,Denver,1573,3,4,1971,No,Poor,280780
136,New York,3480,4,2,1972,No,Good,553320
137,Denver,2047,5,4,1977,Yes,Fair,411928
138,Seattle,2447,5,2,2021,No,Good,562810
139,New York,2470,1,2,1992,Yes,Excellent,502024
140,New York,2755,4,3,2010,Yes,Excellent,654670
141,Chicago,1286,1,3,1988,Yes,Excellent,425120
142,New York,907,2,3,2003,No,Excellent,306928
143,Denver,1826,5,1,2000,No,Excellent,495211
144,New York,1505,4,4,2020,Yes,Good,333575
145,Denver,1329,1,3,1973,Yes,Excellent,410294
146,Miami,1369,4,2,1987,Yes,Good,389213
147,San Francisco,1651,5,4,2022,No,Good,490347
148,Chicago,836,5,4,1999,Yes,Excellent,275848
149,Chicago,3382,1,4,1984,Yes,Excellent,622818
150,Seattle,3520,1,3,2016,No,Good,647680
151,Boston,3041,3,1,1977,Yes,Excellent,1090163
152,Boston,3128,1,3,2011,Yes,Fair,547077
153,New York,1051,4,3,1983,No,Good,278515
154,Denver,1186,3,1,2007,Yes,Fair,270089
155,San Francisco,1603,2,2,2015,Yes,Fair,237545
156,New York,1559,1,1,1972,No,Fair,246477
157,Chicago,3348,2,1,1997,No,Fair,566314
158,Boston,1053,2,1,1996,No,Fair,225552
159,Boston,2145,5,3,1972,No,Good,386100
160,Chicago,2354,3,3,1987,Yes,Fair,596263
161,Boston,934,2,2,1971,No,Poor,169988
162,Denver,2100,4,2,2022,No,Fair,419475
163,New York,2421,4,3,2008,Yes,Poor,465874
164,Denver,1803,2,1,2016,No,Excellent,575517
165,Denver,3882,1,3,1973,No,Poor,440218
166,Denver,2771,2,2,1979,Yes,Fair,631812
167,Miami,3348,1,2,1998,Yes,Good,910612
168,Seattle,2031,5,4,2003,No,Fair,405692
169,Boston,1313,2,4,1976,Yes,Fair,210889
170,Chicago,2526,5,1,2022,Yes,Poor,485645
171,New York,1198,4,3,2002,Yes,Good,231630
172,Miami,1952,3,1,1977,Yes,Excellent,679926
173,Miami,3355,5,3,1983,Yes,Good,764875
174,Boston,2972,2,1,2014,Yes,Good,806496
175,Boston,2769,3,3,2018,No,Fair,614302
176,Miami,2810,5,3,2004,Yes,Poor,430938
177,Chicago,2032,3,1,1989,Yes,Excellent,429404
178,Austin,1775,5,4,2018,No,Good,424225
179,Denver,2562,5,4,2014,Yes,Good,706864
180,Boston,3266,3,4,1989,Yes,Good,970204
181,Austin,2990,4,3,2005,Yes,Good,619960
182,Chicago,3334,2,3,1976,No,Good,900180
183,Seattle,1544,4,3,2012,Yes,Good,446952
184,New York,954,4,3,2000,Yes,Excellent,329399
185,New York,2267,1,3,1983,Yes,Excellent,439823
186,Boston,3078,5,2,1987,Yes,Excellent,1025740
187,Chicago,2066,2,2,1979,Yes,Poor,278993
188,Chicago,2674,4,3,2004,Yes,Excellent,837870
189,Austin,3313,2,1,1971,No,Poor,667900
190,Seattle,1077,3,1,2011,Yes,Poor,236170
191,Austin,1834,5,1,2015,Yes,Fair,377900
192,Denver,3961,3,3,1978,No,Fair,626234
193,Denver,1353,2,4,2000,No,Good,202950
194,Chicago,1806,2,2,2022,No,Good,512904
195,Seattle,2985,5,1,1987,Yes,Excellent,808786
196,Chicago,3996,1,3,1993,Yes,Good,737272
197,Miami,1798,2,4,2010,No,Poor,286960
198,Boston,833,2,3,2012,No,Excellent,188924
199,San Francisco,1454,2,4,1970,Yes,Excellent,507268
200,Chicago,3031,5,3,2013,Yes,Excellent,762900
201,Boston,2109,5,2,2022,Yes,Excellent,569306
202,San Francisco,1248,5,1,1971,No,Excellent,329472
203,Seattle,2598,2,4,2018,No,Excellent,819928
204,Austin,3674,3,4,1992,Yes,Good,906456
205,Seattle,1169,2,2,2015,Yes,Good,258997
206,Boston,2165,2,2,2021,Yes,Good,566405
207,Miami,1544,5,1,2016,Yes,Fair,343349
208,Austin,1527,2,1,2022,Yes,Good,323035
209,Chicago,2184,4,3,1971,No,Fair,469669
210,New York,1906,1,2,2019,No,Poor,354897
211,San Francisco,2125,2,1,1972,No,Fair,523812
212,New York,3379,5,3,1972,No,Excellent,774466
213,Austin,1485,1,4,2012,Yes,Good,421345
214,Denver,882,1,1,2014,Yes,Good,178462
215,New York,1722,4,4,1980,Yes,Poor,336663
216,Boston,2030,2,2,1971,Yes,Excellent,506944
217,New York,823,5,2,1993,Yes,Good,182830
218,Austin,1639,2,1,2005,No,Good,273713
219,Denver,2878,3,2,2021,No,Excellent,714895
220,Chicago,3127,4,1,2004,Yes,Good,823020
221,San Francisco,1987,5,4,2014,No,Excellent,665247
222,Chicago,2158,4,3,2019,Yes,Poor,321183
223,Boston,3033,4,3,2020,No,Fair,721854
224,Boston,3790,2,2,2004,Yes,Good,1090150
225,Austin,1944,4,4,2014,No,Good,495720
226,Boston,2987,2,4,2007,Yes,Excellent,1020800
227,Boston,2093,3,1,2020,Yes,Excellent,612784
228,Denver,2717,2,4,1995,No,Excellent,511882
229,Denver,3159,5,3,1991,Yes,Excellent,851557
230,Seattle,1484,1,1,1985,Yes,Excellent,307393
231,Austin,2083,1,2,1994,No,Good,422849
232,Miami,1451,3,3,1995,Yes,Excellent,433111
233,Denver,3934,2,4,1972,No,Fair,909540
234,Chicago,1968,2,4,1998,Yes,Good,328816
235,Miami,3503,3,3,1990,No,Good,833714
236,Chicago,2545,5,1,2004,No,Good,422470
237,Boston,1213,1,3,1970,No,Excellent,359533
238,New York,1168,1,4,2008,Yes,Good,268128
239,Seattle,1482,5,1,2000,Yes,Good,306400
240,Austin,2093,5,3,2005,No,Fair,354030
241,Boston,2407,5,1,2005,No,Excellent,678774
242,Chicago,2260,2,1,2001,Yes,Fair,578616
243,Miami,3731,3,4,2007,Yes,Good,1062142
244,Austin,2372,1,2,2015,Yes,Fair,556390
245,Seattle,1614,2,2,1991,Yes,Poor,290190
246,Boston,2625,1,1,2019,Yes,Good,574375
247,New York,2783,5,4,2012,Yes,Good,828202
248,Miami,1670,2,4,1999,No,Poor,347193
249,Denver,3305,2,2,1984,Yes,Excellent,632662
250,New York,1022,2,4,2004,No,Excellent,196224
251,Chicago,2749,1,4,1988,Yes,Good,436095
252,Boston,3629,4,1,1987,No,Poor,678260
253,Chicago,1181,1,2,2022,No,Excellent,365637
254,New York,897,5,4,2004,Yes,Excellent,281252
255,San Francisco,2487,4,4,1972,Yes,Good,492478
256,Austin,1348,2,2,2008,Yes,Good,239160
257,Austin,1406,2,4,1984,No,Good,345876
258,New York,1480,1,2,1982,No,Good,412920
259,Austin,3838,3,4,2002,Yes,Excellent,1000204
260,Seattle,3226,4,4,1982,No,Poor,519385
261,Austin,2347,3,2,1990,No,Excellent,799857
262,Boston,2811,2,4,1974,Yes,Fair,380349
263,San Francisco,1437,3,2,2003,No,Excellent,293148
264,New York,2760,3,4,1971,No,Excellent,513360
265,Chicago,2443,5,2,1977,No,Excellent,442671
266,Miami,3992,5,2,1970,No,Good,858280
267,Denver,2045,4,2,2007,No,Good,431495
268,Seattle,2133,4,3,1992,Yes,Good,379009
269,Boston,3877,3,1,2003,Yes,Good,855186
270,Chicago,2425,1,1,2016,No,Poor,463417
271,Denver,3162,5,2,2014,Yes,Good,730936
272,Austin,3517,4,3,2009,No,Fair,822098
273,Denver,1648,1,1,1988,No,Fair,310977
274,Miami,1392,3,1,1970,No,Fair,234273
275,Seattle,1080,4,4,1999,Yes,Excellent,299008
276,New York,1483,2,4,1988,Yes,Poor,195819
277,Miami,915,4,3,1994,Yes,Good,160060
278,Boston,3791,4,1,1987,No,Excellent,1160046
279,New York,984,4,3,1998,No,Fair,173134
280,Chicago,2729,1,1,1979,Yes,Good,749559
281,Chicago,2211,2,4,1973,Yes,Fair,380231
282,Miami,3695,2,1,1994,Yes,Poor,760085
283,Boston,1015,5,3,1972,No,Excellent,247254
284,Boston,2953,5,2,2016,Yes,Poor,473030
285,San Francisco,2966,4,4,1986,No,Good,631758
286,San Francisco,3961,5,3,1987,Yes,Poor,755856
287,Seattle,3453,5,1,2021,Yes,Excellent,1112197
288,Boston,1340,5,3,1975,No,Excellent,445416
289,Chicago,3017,4,2,1977,No,Good,612451
290,Boston,823,3,2,2004,No,Excellent,190606
291,New York,1986,2,1,1995,Yes,Good,581968
292,Boston,1035,2,4,1991,Yes,Good,230455
293,Miami,877,4,3,2021,Yes,Fair,178471
294,Chicago,2278,5,1,1971,Yes,Good,688844
295,New York,1898,2,1,2017,No,Good,372008
296,New York,2258,3,4,2015,No,Poor,385666
297,Denver,3769,1,2,2011,No,Poor,699149
298,Austin,3413,2,2,1986,Yes,Excellent,710347
299,Austin,1768,4,2,1982,No,Poor,311875
300,Boston,2450,2,1,1990,Yes,Excellent,730300
301,Boston,1963,3,4,2004,Yes,Good,373155
302,Miami,2661,3,3,2020,No,Good,795639
303,Austin,2589,4,1,2016,Yes,Fair,650389
304,Denver,1655,4,2,1984,Yes,Excellent,331732
305,Boston,869,4,4,1996,Yes,Excellent,190404
306,Miami,1579,2,4,1991,No,Fair,371775
307,Chicago,3873,1,1,1983,Yes,Fair,803384
308,Denver,1012,2,4,2001,Yes,Excellent,294169
309,San Francisco,3291,4,3,2008,No,Excellent,1172912
310,Boston,2793,1,3,2003,Yes,Excellent,583123
311,Miami,1908,2,1,1972,Yes,Excellent,625902
312,Denver,2236,2,1,1973,Yes,Fair,392020
313,Chicago,1833,2,4,2003,Yes,Poor,270469
314,Seattle,3343,2,2,1978,Yes,Fair,706179
315,Miami,3921,2,1,1997,No,Excellent,1289224
316,New York,1407,5,3,1972,Yes,Good,233713
317,New York,3307,5,2,1999,Yes,Good,525892
318,Austin,2742,1,2,2005,Yes,Good,681790
319,Denver,2949,2,1,2000,No,Excellent,693604
320,Miami,3998,2,2,2005,Yes,Poor,611699
321,San Francisco,1840,4,4,2019,Yes,Good,558320
322,Seattle,955,2,4,1978,Yes,Poor,207207
323,Seattle,2410,5,4,1996,No,Excellent,691188
324,Boston,3340,5,3,1975,No,Good,524380
325,Miami,3223,5,4,1981,Yes,Fair,686668
326,Denver,1934,3,3,1994,Yes,Poor,306482
327,San Francisco,1845,4,4,1978,No,Excellent,396306
328,Chicago,1562,4,2,2018,No,Excellent,341140
329,Miami,3514,5,2,2018,Yes,Fair,813476
330,Austin,3872,3,4,1976,Yes,Good,695344
331,Denver,1326,2,3,2019,No,Excellent,291189
332,Chicago,2209,2,2,1979,No,Excellent,691858
333,New York,1504,1,3,2006,Yes,Good,324336
334,Chicago,2795,1,2,2019,No,Good,419250
335,Boston,2249,1,2,1971,Yes,Fair,487912
336,Miami,3925,2,4,1986,No,Poor,554995
337,Austin,1647,4,1,2002,Yes,Excellent,442831
338,Boston,909,3,4,2003,Yes,Poor,138532
339,Miami,3277,3,1,2022,No,Good,760264
340,Chicago,1418,4,4,1980,Yes,Excellent,321392
341,Austin,3901,1,1,1993,Yes,Good,1039864
342,Chicago,3387,5,4,1988,Yes,Fair,781558
343,Austin,3956,3,1,1976,No,Excellent,750057
344,Denver,1598,1,4,1998,No,Fair,292034
345,Miami,3015,5,4,1983,Yes,Good,760735
346,Denver,3945,1,3,2007,No,Good,1092765
347,Miami,1043,1,3,2008,No,Excellent,339183
348,Boston,2882,5,3,1980,No,Good,515878
349,Chicago,824,2,2,2012,Yes,Good,214352
350,San Francisco,1749,3,2,1971,No,Good,494967
351,Chicago,2339,2,2,1971,No,Fair,528847
352,San Francisco,3742,5,3,1997,Yes,Excellent,1186484
353,Boston,3136,1,3,1972,Yes,Poor,490748
354,Chicago,1287,3,4,2005,Yes,Fair,284581
355,Boston,1213,3,4,2020,Yes,Fair,295600
356,Boston,911,3,4,2021,Yes,Good,177624
357,Chicago,2482,5,1,1971,No,Excellent,827995
358,Miami,3925,4,3,1971,Yes,Good,963775
359,Seattle,1351,4,2,2021,No,Good,283710
360,Boston,3481,4,1,2003,No,Good,783225
361,Boston,1242,2,2,2005,Yes,Poor,149104
362,New York,3029,5,1,2016,No,Good,884468
363,Chicago,2664,1,2,2015,Yes,Fair,526283
364,Seattle,3562,5,4,2020,Yes,Good,889814
365,Boston,3206,1,1,2001,Yes,Excellent,898703
366,New York,1213,1,1,2001,Yes,Good,296268
367,Chicago,1318,5,4,1998,Yes,Good,382994
368,New York,1589,1,3,1975,Yes,Poor,286962
369,Seattle,1209,1,3,2011,No,Fair,219917
370,Denver,3705,2,4,2021,No,Good,1044810
371,Austin,2865,1,4,2010,Yes,Fair,667517
372,Chicago,1117,3,3,1972,Yes,Good,223347
373,San Francisco,1149,1,3,1980,No,Good,266568
374,Chicago,941,1,1,1982,Yes,Good,152091
375,New York,1885,3,1,1987,Yes,Fair,325643
376,San Francisco,1154,1,1,1992,No,Good,264266
377,Chicago,2915,5,2,2015,No,Fair,582271
378,Chicago,2004,3,2,1996,Yes,Poor,391561
379,Boston,3825,1,3,1995,No,Good,1143675
380,Chicago,2649,1,2,1989,No,Good,426489
381,Miami,2364,3,3,1971,Yes,Fair,606791
382,Chicago,3125,1,3,2008,No,Excellent,570000
383,Seattle,2666,5,1,2012,No,Good,477214
384,New York,2620,3,4,2019,No,Poor,462167
385,Boston,2859,4,4,1978,Yes,Poor,578369
386,Miami,1424,3,4,1993,No,Good,256320
387,Chicago,1405,4,2,1971,No,Poor,202601
388,Seattle,1033,5,4,1979,Yes,Excellent,375682
389,Austin,2246,4,1,1993,No,Good,350376
390,New York,3194,2,4,1990,No,Good,923066
391,Boston,3167,5,4,2011,No,Excellent,912096
392,Chicago,2163,1,1,2014,Yes,Excellent,539502
393,Chicago,1735,5,3,2011,No,Good,444160
394,Seattle,3171,2,2,2017,Yes,Good,574438
395,New York,3973,4,2,2009,No,Good,1128332
396,San Francisco,1819,3,4,1978,No,Good,532967
397,Seattle,2814,4,1,2018,No,Good,779478
398,Chicago,2086,1,1,1998,Yes,Excellent,678354
399,Austin,893,3,1,2010,No,Fair,217847
400,Miami,3589,4,1,2014,No,Excellent,1240358
401,New York,1227,4,3,2006,No,Good,225768
402,New York,1995,2,1,1972,Yes,Fair,284711
403,Chicago,1393,3,4,1975,No,Excellent,270799
404,Denver,3323,2,1,1999,Yes,Fair,721786
405,Denver,1715,5,4,2013,No,Excellent,528906
406,New York,2675,5,3,1994,No,Fair,572985
407,Seattle,1367,3,3,2002,No,Good,359521
408,Denver,1704,3,1,2018,No,Good,485640
409,Chicago,3479,4,3,1998,No,Good,761901
410,New York,2878,1,4,1985,No,Excellent,1036080
411,San Francisco,3005,3,1,2006,Yes,Excellent,756442
412,Denver,1252,5,4,1987,No,Excellent,401140
413,Boston,1325,3,3,1986,Yes,Poor,256714
414,Seattle,1655,1,2,2009,Yes,Good,453540
415,San Francisco,3550,3,1,2013,No,Excellent,1043700
416,Boston,3474,2,2,1996,Yes,Poor,639836
417,Austin,1307,1,2,1989,Yes,Good,258330
418,Seattle,3078,2,1,1971,No,Good,624834
419,Denver,2483,2,1,1981,No,Poor,477977
420,Chicago,3753,4,2,2001,Yes,Good,670528
421,San Francisco,1942,3,4,2016,No,Good,510746
422,Chicago,2368,4,2,1984,No,Fair,599814
423,New York,2690,5,1,2005,No,Excellent,755352
424,Austin,2022,5,1,2006,Yes,Excellent,633584
425,Denver,854,4,3,2012,No,Fair,139372
426,Denver,2801,5,2,2016,No,Fair,442838
427,Seattle,3226,3,2,2000,No,Excellent,793596
428,Denver,3073,1,2,1976,Yes,Excellent,935587
429,Denver,1731,2,4,2009,Yes,Poor,342005
430,Seattle,1370,4,2,2010,Yes,Good,349760
431,Miami,3681,2,3,2022,Yes,Fair,710862
432,Miami,2018,5,1,1995,No,Fair,389373
433,New York,875,1,4,2019,No,Excellent,214200
434,Denver,2167,1,2,1999,Yes,Good,391392
435,Chicago,2268,4,1,2000,Yes,Good,397828
436,Austin,2527,3,1,2021,Yes,Excellent,762035
437,San Francisco,1347,1,3,2009,Yes,Excellent,367224
438,New York,3819,1,1,2015,Yes,Fair,853999
439,Chicago,1972,2,1,1987,No,Good,398344
440,Denver,3453,4,3,1973,No,Excellent,1015182
441,Miami,2013,2,2,1997,No,Excellent,437223
442,New York,2425,2,4,1992,No,Excellent,628560
443,Seattle,2743,1,4,2004,Yes,Fair,380716
444,San Francisco,3320,1,3,1999,Yes,Excellent,814768
445,New York,2654,2,4,2001,No,Fair,604581
446,Boston,1684,4,2,1980,No,Excellent,406180
447,Miami,1404,1,2,1985,Yes,Poor,181007
448,Boston,3469,4,4,1976,Yes,Fair,773700
449,Miami,1451,4,4,2001,No,Excellent,341275
450,Boston,2466,1,3,1998,No,Fair,553370
451,New York,1721,3,4,2004,Yes,Good,269871
452,Denver,3949,2,3,1998,No,Good,975403
453,Seattle,1725,1,4,1975,No,Good,326025
454,New York,2038,1,4,1975,No,Good,517652
455,Chicago,1351,3,3,2007,No,Good,310730
456,Boston,3879,5,2,2006,No,Fair,600081
457,Miami,2560,3,4,2000,No,Good,560640
458,Miami,2774,1,3,1995,Yes,Fair,524022
459,Boston,2821,1,1,2021,Yes,Good,579842
460,Boston,3247,4,2,1978,No,Good,542249
461,Chicago,1630,2,4,2009,Yes,Excellent,475528
462,Denver,1818,3,3,2006,No,Good,319968
463,Chicago,3714,5,1,2004,No,Excellent,1283558
464,San Francisco,3866,4,3,2022,Yes,Fair,565350
465,Chicago,2996,3,1,1997,No,Excellent,974299
466,Seattle,3004,1,3,2020,No,Excellent,839918
467,San Francisco,939,1,2,2009,Yes,Poor,194701
468,Seattle,3634,2,1,1977,Yes,Excellent,794944
469,Seattle,1071,2,4,1999,Yes,Good,318448
470,Miami,2296,4,1,2021,No,Excellent,650227
471,San Francisco,1830,1,2,2003,Yes,Fair,254213
472,New York,3664,3,1,1999,No,Poor,695060
473,Seattle,1138,1,4,2019,No,Good,253774
474,Austin,3122,5,1,2021,No,Excellent,768012
475,Chicago,2070,4,1,1997,Yes,Good,626860
476,Denver,1211,1,1,1980,Yes,Poor,160042
477,Chicago,3894,3,3,1974,No,Fair,721558
478,Denver,3278,3,1,2008,Yes,Fair,648062
479,Austin,870,5,4,2007,Yes,Good,231850
480,New York,2114,3,2,1991,Yes,Fair,423287
481,Austin,2028,3,4,2014,No,Good,379236
482,Boston,1617,3,1,2011,Yes,Excellent,537788
483,San Francisco,1623,1,4,2006,Yes,Good,258319
484,San Francisco,3115,2,4,2018,No,Good,573160
485,Miami,3838,3,4,1994,No,Good,786790
486,Boston,1994,1,2,1988,Yes,Excellent,691948
487,Seattle,2149,4,2,1991,No,Good,552293
488,Seattle,1677,4,3,2008,No,Excellent,342108
489,New York,1485,5,2,2021,Yes,Good,232750
490,New York,1984,4,2,1997,Yes,Good,571472
491,Miami,3166,3,2,1995,No,Fair,503235
492,Boston,997,1,3,1979,Yes,Excellent,234923
493,New York,3516,5,2,1972,Yes,Excellent,1229348
494,New York,3018,3,3,1995,Yes,Good,689050
495,New York,2918,3,4,1987,Yes,Poor,608481
496,New York,2278,4,1,2006,Yes,Fair,499883
497,Denver,2667,3,2,2008,Yes,Fair,404449
498,Denver,3864,4,1,1984,Yes,Excellent,751888
499,Seattle,2468,2,4,1987,No,Good,483728
500,San Francisco,3818,5,1,1997,No,Good,721602
501,Miami,3305,4,2,2005,No,Excellent,1114446
502,Boston,1070,2,3,2000,No,Good,217210
503,Austin,982,1,4,2006,No,Excellent,206220
504,Miami,3805,5,4,2015,No,Good,943640
505,Austin,2356,1,3,2006,Yes,Good,394028
506,Austin,3075,5,2,1992,Yes,Fair,582411
507,Austin,1621,2,1,2019,No,Excellent,517423
508,San Francisco,1023,5,4,1995,No,Excellent,295851
509,San Francisco,2264,5,1,1983,Yes,Excellent,675616
510,Boston,1109,3,2,2022,Yes,Good,255089
511,Seattle,3633,5,4,2014,No,Excellent,780368
512,Austin,3244,1,3,1974,Yes,Fair,470485
513,Austin,2854,3,3,2010,No,Good,847638
514,Chicago,2325,5,1,1988,No,Good,613800
515,San Francisco,2182,2,4,2014,No,Good,580412
516,Boston,1137,2,1,1978,Yes,Excellent,408404
517,Boston,2439,2,3,2006,No,Good,402435
518,Miami,2760,4,2,1979,No,Excellent,808128
519,San Francisco,1384,2,3,2006,Yes,Excellent,377036
520,Miami,2672,1,2,1989,Yes,Good,560432
521,Seattle,2098,2,3,1983,Yes,Good,370856
522,San Francisco,828,3,4,1982,No,Good,158976
523,San Francisco,3292,3,2,2014,No,Excellent,865137
524,Seattle,1077,3,3,1972,No,Good,164781
525,San Francisco,3587,2,1,1984,Yes,Fair,622838
526,Austin,2272,5,2,1982,No,Excellent,482572
527,Miami,2448,1,2,1973,No,Good,587520
528,Boston,1006,4,3,1990,No,Good,300794
529,Austin,1154,4,3,1982,No,Poor,130055
530,New York,1244,2,2,1985,Yes,Excellent,233920
531,Miami,1128,5,4,2003,Yes,Excellent,355168
532,Chicago,1623,1,2,2018,Yes,Excellent,494952
533,Austin,3970,2,3,1980,No,Excellent,900396
534,Miami,3051,3,2,1974,No,Poor,608674
535,New York,3928,2,4,2014,Yes,Fair,764568
536,Austin,1011,5,4,1999,No,Good,226464
537,Denver,1079,2,3,1983,Yes,Good,267881
538,Boston,1456,3,3,1994,No,Good,250432
539,New York,2703,1,2,1978,Yes,Fair,595875
540,Seattle,2247,3,2,2002,No,Good,359520
541,Miami,1554,2,3,1989,Yes,Excellent,423985
542,Miami,2130,4,1,1987,Yes,Excellent,426628
543,Seattle,1241,2,1,2003,No,Poor,185033
544,San Francisco,3981,4,4,2019,Yes,Excellent,1261626
545,Boston,2007,3,1,1996,No,Good,563967
546,Austin,2737,4,4,2001,Yes,Good,426024
547,Denver,1961,4,1,2001,Yes,Excellent,699487
548,Chicago,3497,3,2,2008,No,Poor,452861
549,San Francisco,3426,5,3,1995,No,Excellent,785239
550,Austin,1375,2,2,2005,No,Excellent,409200
551,Chicago,3178,5,3,2001,Yes,Good,744118
552,Miami,1182,4,2,2010,No,Excellent,295027
553,New York,1746,1,4,2022,No,Poor,183330
554,Austin,2235,3,1,1972,No,Excellent,611496
555,Chicago,2200,4,4,2017,Yes,Good,555600
556,Austin,3831,2,1,1994,No,Excellent,1066550
557,Denver,2955,5,4,2015,Yes,Good,881725
558,New York,2917,1,3,2008,Yes,Fair,632341
559,New York,3827,1,2,2018,Yes,Fair,907814
560,San Francisco,3595,3,2,1977,Yes,Good,646315
561,San Francisco,871,3,4,1985,No,Excellent,177684
562,San Francisco,1371,3,2,1977,No,Good,301620
563,San Francisco,1529,5,2,1996,Yes,Excellent,417325
564,Chicago,3979,3,4,2005,Yes,Excellent,1308745
565,Seattle,1125,4,1,1994,Yes,Fair,206031
566,Boston,1121,2,1,1985,Yes,Good,282403
567,Austin,2750,2,2,2006,No,Fair,366987
568,Austin,1674,5,4,2010,Yes,Good,304624
569,Boston,3101,4,2,2018,No,Excellent,602834
570,New York,3652,3,4,2014,No,Good,931260
571,Denver,3129,2,1,2012,No,Poor,617664
572,Seattle,963,1,2,2005,Yes,Good,171784
573,Chicago,1995,1,1,1993,Yes,Good,504760
574,New York,3174,5,1,2015,No,Good,869676
575,Chicago,3873,2,2,1970,Yes,Excellent,1023176
576,New York,2800,5,3,1990,Yes,Good,586800
577,San Francisco,2103,3,4,1993,No,Excellent,696513
578,Austin,1758,1,2,2022,No,Excellent,533728
579,New York,1162,5,2,2017,No,Good,230076
580,New York,3476,2,3,1975,Yes,Good,882476
581,Boston,3918,1,1,2022,No,Excellent,1104876
582,Chicago,1101,1,4,1992,No,Excellent,266882
583,Chicago,2037,2,2,1997,No,Excellent,623322
584,Denver,1170,3,2,2011,No,Fair,297355
585,Austin,1816,5,2,1976,Yes,Fair,258519
586,Seattle,1905,5,1,2000,No,Poor,365379
587,Seattle,1899,3,2,1986,No,Poor,356252
588,Miami,3389,2,1,2007,Yes,Good,891140
589,Boston,1574,1,1,1994,No,Poor,320623
590,Chicago,1233,3,1,2007,No,Good,212076
591,Denver,1994,1,3,2009,No,Fair,388132
592,San Francisco,1592,2,1,2016,No,Good,315216
593,Chicago,3837,4,2,1976,Yes,Excellent,1317649
594,Chicago,1749,4,4,1974,Yes,Excellent,469637
595,San Francisco,3672,1,1,2016,Yes,Good,1019800
596,New York,2795,1,3,2006,Yes,Good,513100
597,Miami,3795,2,3,1974,No,Good,667920
598,Boston,888,2,2,1991,Yes,Excellent,291318
599,San Francisco,877,1,4,2012,No,Good,157860
600,Chicago,1128,5,3,2007,Yes,Excellent,389008
601,Boston,2688,2,2,2017,No,Good,626304
602,Chicago,3456,1,2,1992,No,Good,518400
603,Chicago,2478,1,4,1980,Yes,Excellent,595799
604,Austin,2493,2,1,1999,Yes,Good,673138
605,Seattle,919,3,4,1984,Yes,Fair,179509
606,Boston,3035,1,2,2009,No,Excellent,986982
607,Austin,1369,1,3,1973,Yes,Good,335822
608,Seattle,859,5,3,1971,No,Excellent,230899
609,New York,826,4,3,2020,Yes,Excellent,210222
610,Miami,1856,2,2,2016,No,Good,417600
611,San Francisco,2529,2,4,2021,Yes,Good,720649
612,New York,3485,3,2,1996,Yes,Excellent,687484
613,Seattle,2426,3,4,1985,Yes,Poor,475306
614,New York,3626,3,1,1981,No,Excellent,752757
615,Denver,2299,2,2,2000,Yes,Excellent,650041
616,Seattle,2609,1,1,1992,Yes,Good,667468
617,Boston,1583,5,3,2003,No,Good,296021
618,Seattle,1702,3,2,1994,Yes,Fair,273299
619,San Francisco,3143,1,2,2011,No,Good,716604
620,Denver,3936,2,4,1990,No,Poor,735638
621,Austin,1187,1,3,2013,Yes,Fair,278380
622,Austin,1986,4,3,2011,Yes,Excellent,403228
623,Chicago,3261,3,3,1990,Yes,Excellent,870904
624,San Francisco,3120,5,4,1970,No,Good,514800
625,Miami,973,4,4,2015,No,Fair,214205
626,Chicago,3353,5,2,1999,No,Fair,427507
627,Chicago,2033,1,3,1972,Yes,Good,406435
628,Austin,2522,3,1,1995,Yes,Good,582494
629,Miami,1150,2,1,2001,No,Fair,253172
630,Chicago,2499,1,4,1977,Yes,Good,749704
631,Seattle,3593,5,1,1978,Yes,Good,757344
632,Boston,976,1,4,2007,Yes,Good,265712
633,Boston,1527,4,1,1987,Yes,Fair,304634
634,Boston,1620,4,4,1981,Yes,Good,316180
635,New York,2153,2,3,1977,Yes,Good,419070
636,Chicago,3430,2,1,1973,No,Good,648270
637,New York,2867,3,4,1978,Yes,Fair,468146
638,Chicago,2653,4,4,1991,No,Excellent,608067
639,Denver,1859,1,4,1999,Yes,Good,510071
640,San Francisco,2953,3,1,1996,Yes,Fair,642532
641,Austin,1753,1,2,2001,Yes,Excellent,559039
642,Austin,802,3,4,2012,No,Fair,143157
643,San Francisco,2030,4,2,1985,Yes,Good,472840
644,Boston,2467,4,4,1991,Yes,Good,656354
645,New York,3063,5,3,1973,No,Excellent,1087977
646,Seattle,2986,1,4,2001,No,Excellent,738139
647,San Francisco,2776,5,1,1972,Yes,Poor,524948
648,Boston,1532,3,3,2010,Yes,Good,351636
649,Miami,1277,2,1,2020,Yes,Excellent,325674
650,Denver,1970,4,1,2012,Yes,Fair,395135
651,Chicago,1744,3,3,2004,Yes,Good,294272
652,San Francisco,2381,5,1,1989,No,Excellent,562868
653,San Francisco,1988,5,3,1998,No,Good,373744
654,Austin,1786,5,2,1996,Yes,Excellent,522224
655,Denver,3126,1,3,2001,Yes,Excellent,602689
656,New York,3047,4,1,1983,Yes,Fair,745545
657,Austin,1984,4,2,1975,Yes,Excellent,386166
658,Miami,2956,2,3,2019,Yes,Poor,527300
659,Chicago,1009,2,1,2021,No,Poor,120777
660,Chicago,3049,5,3,2006,No,Good,664682
661,Seattle,2027,4,1,2000,No,Fair,408339
662,Miami,3765,1,4,1993,No,Good,945015
663,Seattle,2303,4,3,2005,No,Excellent,690900
664,San Francisco,3890,2,4,2012,Yes,Excellent,1111648
665,Austin,1994,1,3,1997,No,Good,592218
666,Denver,1956,4,1,2004,No,Good,565284
667,Seattle,2518,3,3,2004,Yes,Excellent,859069
668,Denver,3950,3,1,1983,Yes,Excellent,910600
669,New York,1335,5,2,1980,Yes,Fair,277801
670,Boston,3655,5,1,2002,Yes,Excellent,1106500
671,Denver,2808,3,4,1982,No,Good,696384
672,Austin,3032,5,1,2010,Yes,Good,701296
673,Boston,2627,3,3,2017,No,Excellent,624175
674,Austin,3957,1,4,2014,No,Excellent,997164
675,San Francisco,2534,1,1,1974,Yes,Excellent,545180
676,Chicago,2089,2,4,1997,No,Fair,385316
677,New York,2671,4,3,1982,Yes,Excellent,760016
678,New York,2125,4,4,1973,No,Fair,487687
679,Seattle,1306,1,4,2021,Yes,Fair,217588
680,Seattle,1894,3,4,2022,Yes,Poor,324214
681,San Francisco,3817,1,1,1973,Yes,Excellent,1127617
682,Seattle,1111,4,4,2000,No,Fair,157706
683,New York,2480,1,3,1993,No,Good,587760
684,Miami,901,2,2,2014,No,Fair,141682
685,Boston,2834,1,2,2007,No,Excellent,707366
686,Boston,3235,3,4,1975,No,Fair,412462
687,New York,1890,4,2,2013,No,Poor,256661
688,New York,1550,3,4,2011,Yes,Good,462600
689,Boston,3439,4,4,2007,Yes,Fair,521551
690,San Francisco,1674,3,2,2006,No,Poor,284747
691,San Francisco,2710,4,4,1976,No,Fair,442272
692,Seattle,3919,2,1,2013,Yes,Good,648797
693,Boston,3232,5,1,1977,No,Excellent,938572
694,San Francisco,1445,1,1,1998,No,Good,329460
695,Boston,3842,2,2,2009,No,Excellent,1171041
696,New York,3149,4,1,2006,No,Excellent,1024054
697,New York,3410,4,1,1993,No,Good,927520
698,New York,1084,3,1,2005,Yes,Good,240892
699,Seattle,1482,3,3,2008,No,Good,231192
700,Denver,2645,1,3,2008,No,Fair,541828
701,Boston,1409,3,1,1977,No,Poor,270246
702,Austin,2102,4,4,1986,Yes,Good,579642
703,San Francisco,2004,5,3,1989,No,Fair,318535
704,Seattle,1919,3,2,2018,No,Good,566105
705,Austin,3897,1,3,1973,No,Poor,613777
706,San Francisco,1073,2,4,2016,Yes,Excellent,243055
707,Denver,1669,3,2,1998,No,Fair,239751
708,Seattle,3284,2,2,1989,Yes,Good,804728
709,Miami,1165,3,4,2005,Yes,Good,236010
710,New York,2503,1,3,2000,Yes,Excellent,583687
711,Chicago,2645,2,1,2008,No,Excellent,669714
712,Miami,1356,3,4,2007,Yes,Fair,273945
713,Denver,1949,3,2,1990,Yes,Excellent,664864
714,Miami,1336,4,4,2002,No,Good,241816
715,Austin,2641,5,2,1989,No,Poor,351253
716,Chicago,3963,3,3,1971,Yes,Good,655969
717,Miami,1702,5,3,2005,No,Poor,313338
718,Miami,2610,2,1,2020,Yes,Excellent,789868
719,San Francisco,3560,5,4,1980,Yes,Good,935600
720,San Francisco,2488,5,2,1988,Yes,Excellent,681760
721,Chicago,1873,5,1,2011,No,Good,350251
722,Denver,1552,1,1,1980,Yes,Good,272288
723,Denver,3296,5,2,2006,No,Good,748192
724,Denver,1771,2,2,2001,Yes,Good,466918
725,Chicago,3396,5,1,1974,No,Fair,842887
726,New York,2781,5,3,1980,No,Fair,385307
727,New York,3392,1,3,2011,No,Good,668224
728,Austin,1022,5,1,2011,No,Good,295358
729,San Francisco,3542,5,4,1979,Yes,Excellent,1089601
730,Austin,2734,1,2,2010,Yes,Good,696234
731,Austin,2752,2,1,2022,Yes,Good,524624
732,Chicago,1980,5,1,2014,Yes,Good,582220
733,New York,1714,2,1,1992,No,Excellent,596472
734,Austin,2754,4,2,1997,No,Excellent,660960
735,Denver,958,4,1,2021,Yes,Good,251416
736,Austin,3686,5,3,2020,No,Excellent,1114646
737,Chicago,1815,4,3,1975,No,Fair,445854
738,San Francisco,3675,4,2,1994,No,Good,738675
739,New York,2721,2,1,2003,No,Excellent,914256
740,Miami,2399,2,4,2000,Yes,Excellent,686518
741,Austin,3514,3,4,1996,No,Fair,657118
742,New York,992,1,1,2018,No,Excellent,273792
743,Chicago,3279,1,3,2002,No,Poor,488898
744,Austin,1257,5,4,2013,No,Excellent,253411
745,Austin,3203,3,3,1998,No,Good,525292
746,Boston,2431,4,1,2010,No,Fair,491791
747,Denver,2035,2,3,1976,Yes,Good,429210
748,Denver,1134,3,2,1992,No,Excellent,366055
749,Boston,1994,3,2,2005,Yes,Good,402818
750,Miami,1130,2,3,2021,Yes,Excellent,240520
751,New York,2899,5,4,2020,Yes,Good,647780
752,Boston,2120,4,4,2019,No,Good,430360
753,San Francisco,3596,5,2,2008,Yes,Good,603340
754,Chicago,2150,1,2,1972,Yes,Excellent,660160
755,Chicago,810,4,3,1994,No,Excellent,200232
756,San Francisco,1232,1,4,1991,No,Good,243936
757,Chicago,1590,1,4,1982,Yes,Good,399550
758,Chicago,1306,4,1,1996,Yes,Good,256834
759,Boston,3200,2,1,2002,Yes,Good,822800
760,Seattle,3250,2,3,1986,Yes,Good,842000
761,Denver,2910,2,1,1981,No,Excellent,604116
762,Austin,3683,3,2,1982,Yes,Fair,842726
763,Miami,1933,1,3,2001,Yes,Good,332811
764,New York,1037,5,1,1972,Yes,Fair,225073
765,Boston,3214,4,2,2011,Yes,Excellent,1155469
766,New York,3072,2,3,2002,No,Good,755712
767,Boston,953,2,4,2018,Yes,Good,205365
768,Seattle,2523,4,2,2017,Yes,Excellent,642768
769,Austin,1639,2,2,1991,Yes,Good,403360
770,Seattle,991,1,1,1973,Yes,Poor,204929
771,New York,3859,5,3,1972,Yes,Fair,652909
772,Chicago,2727,4,3,2022,No,Excellent,896637
773,New York,2683,5,3,2004,Yes,Good,686116
774,New York,3812,1,4,1978,No,Good,945376
775,Boston,1592,2,1,1989,No,Good,386856
776,Chicago,3258,5,4,1990,No,Excellent,977400
777,Miami,3402,5,2,2008,Yes,Fair,796542
778,Boston,3533,5,1,2001,Yes,Fair,652652
779,New York,3207,3,4,1970,No,Poor,516326
780,Denver,2205,1,4,1983,No,Fair,534161
781,San Francisco,2820,4,3,1993,Yes,Fair,630823
782,Boston,1130,1,2,2018,No,Fair,243006
783,Seattle,2395,2,3,2012,No,Good,505345
784,Chicago,1208,1,3,1975,No,Good,223480
785,Austin,1499,4,1,2012,No,Fair,361858
786,Chicago,2400,4,3,2001,No,Excellent,714240
787,Boston,1507,2,4,1982,Yes,Good,451551
788,Miami,2058,4,1,2020,Yes,Excellent,412544
789,Boston,2336,1,4,2004,Yes,Fair,506400
790,Seattle,847,5,2,1981,Yes,Good,162460
791,Boston,3069,2,4,2017,No,Poor,629451
792,Chicago,1176,2,1,2004,No,Excellent,330220
793,San Francisco,3861,2,2,1983,No,Fair,672779
794,San Francisco,3818,5,3,2020,Yes,Excellent,1054604
795,Boston,2513,2,3,1976,No,Excellent,660416
796,Miami,1199,4,3,1987,No,Fair,237461
797,Boston,3190,4,1,1978,No,Good,838970
798,San Francisco,1481,2,2,1977,No,Fair,309677
799,Boston,3016,2,4,2006,No,Good,476528
800,Denver,2285,2,3,2021,No,Poor,441462
801,New York,2275,4,3,1998,Yes,Good,437700
802,San Francisco,3888,5,2,1998,Yes,Good,1055872
803,New York,2839,3,2,2009,Yes,Excellent,905988
804,San Francisco,2152,2,4,1988,No,Good,421792
805,New York,3197,1,4,2006,No,Good,712931
806,Miami,2273,2,3,1974,Yes,Excellent,623710
807,Miami,1908,2,4,2020,Yes,Excellent,651088
808,Boston,2162,2,2,1971,No,Fair,330786
809,Austin,3277,4,3,1999,No,Excellent,1148260
810,Miami,3115,5,3,2006,No,Excellent,897120
811,New York,2880,2,1,2020,No,Excellent,691200
812,Seattle,1631,5,4,2015,Yes,Poor,351368
813,Denver,3905,1,3,2018,No,Good,1097305
814,Chicago,2664,3,3,1970,No,Poor,509090
815,San Francisco,2861,5,4,1977,Yes,Poor,592785
816,Boston,2074,2,2,1994,Yes,Good,385394
817,Austin,1587,1,1,1993,Yes,Excellent,314704
818,Seattle,2221,5,3,2000,Yes,Good,398675
819,Chicago,2932,1,3,1999,Yes,Good,628652
820,Boston,3059,5,4,2015,Yes,Excellent,916687
821,Chicago,3447,4,1,2017,No,Good,1027206
822,New York,3106,3,4,2019,No,Excellent,860983
823,Miami,2281,2,1,1980,Yes,Fair,583899
824,Denver,2106,1,2,2010,No,Fair,300736
825,Chicago,3287,1,3,1976,Yes,Excellent,1122320
826,Miami,1597,4,1,1998,Yes,Good,346967
827,Seattle,2681,5,3,2009,No,Good,734594
828,New York,2695,1,3,1978,Yes,Excellent,530674
829,New York,2996,1,4,1990,Yes,Poor,603507
830,Chicago,2475,1,3,1987,Yes,Excellent,716860
831,Seattle,1891,1,4,1983,No,Excellent,383494
832,Seattle,1601,2,2,1982,No,Poor,181553
833,Denver,2329,2,1,1970,Yes,Good,662120
834,Miami,1584,5,3,2008,No,Good,384912
835,Denver,1991,3,1,1974,No,Good,537570
836,Seattle,1448,1,4,1996,Yes,Excellent,427024
837,Seattle,1321,2,4,2012,Yes,Excellent,434833
838,New York,1359,2,2,1978,No,Fair,233340
839,New York,3548,3,2,2011,No,Excellent,808944
840,San Francisco,2023,5,4,2002,No,Excellent,521934
841,Denver,818,1,4,2000,Yes,Good,252128
842,Chicago,800,1,1,2010,No,Fair,168640
843,Miami,2837,5,4,1999,No,Poor,373349
844,Austin,2488,3,1,2009,Yes,Excellent,783270
845,Seattle,3494,3,2,1988,Yes,Excellent,1062392
846,New York,1585,1,1,1992,Yes,Good,287375
847,Denver,3405,3,1,1982,Yes,Excellent,769996
848,San Francisco,3895,2,2,1980,Yes,Excellent,916756
849,San Francisco,3132,5,3,1997,Yes,Excellent,1032284
850,New York,3381,4,4,2019,No,Excellent,920984
851,Denver,3109,4,2,2018,No,Good,805231
852,Seattle,929,1,2,2009,Yes,Good,265475
853,Austin,2561,3,4,2018,Yes,Excellent,750641
854,Denver,1922,3,1,1997,No,Excellent,468199
855,New York,1448,3,1,1975,Yes,Good,427024
856,Miami,1288,5,4,2001,No,Good,253736
857,San Francisco,2240,1,3,2015,No,Fair,535024
858,New York,3862,3,4,2006,Yes,Excellent,793213
859,Austin,2479,1,2,1984,No,Fair,585787
860,Seattle,2712,2,2,1970,No,Good,471888
861,Boston,3420,5,1,2010,Yes,Excellent,1146808
862,Chicago,1339,3,1,2002,Yes,Good,301902
863,Chicago,883,5,3,2006,Yes,Excellent,308807
864,Miami,3525,3,1,1990,Yes,Good,778450
865,Boston,1173,4,3,1977,No,Good,219351
866,New York,3954,2,3,1997,Yes,Good,1065718
867,New York,2145,1,1,2017,Yes,Poor,305795
868,Seattle,2753,5,1,1988,No,Poor,564640
869,Boston,2087,5,3,2009,No,Good,333920
870,Boston,3838,4,2,1971,Yes,Good,735382
871,Chicago,2108,5,2,1996,Yes,Good,387332
872,Denver,1740,4,2,1992,Yes,Good,502420
873,Boston,1956,4,4,1994,No,Fair,445576
874,Boston,1556,2,1,2019,Yes,Good,442568
875,Seattle,2570,2,2,1983,Yes,Excellent,873520
876,Austin,916,5,3,2006,Yes,Good,151064
877,Miami,3608,3,3,2008,No,Excellent,922204
878,New York,2846,5,1,2006,No,Good,697270
879,Chicago,3868,3,4,1983,No,Fair,631257
880,New York,2798,2,1,1976,Yes,Excellent,741956
881,Miami,2341,1,4,1996,Yes,Fair,411949
882,San Francisco,1543,2,3,1986,Yes,Good,276939
883,San Francisco,2146,3,1,2021,Yes,Excellent,470960
884,New York,2136,5,1,1971,No,Fair,528339
885,San Francisco,2451,3,4,2015,Yes,Excellent,557063
886,San Francisco,3335,3,3,1980,Yes,Excellent,810400
887,Miami,3631,1,1,1975,Yes,Excellent,1129800
888,New York,1530,5,3,1993,Yes,Good,276220
889,Miami,3216,3,4,2018,No,Excellent,1053561
890,Miami,3370,5,3,2016,No,Excellent,687480
891,San Francisco,1828,5,2,2000,Yes,Good,395708
892,Miami,2772,2,4,2015,No,Excellent,884822
893,Miami,3125,5,3,1993,No,Good,550000
894,Boston,3811,3,4,2008,Yes,Excellent,974945
895,New York,2578,2,2,1996,Yes,Excellent,628720
896,New York,824,5,2,1987,No,Good,215888
897,San Francisco,1128,3,3,2006,No,Excellent,308620
898,Miami,2707,4,1,1979,No,Poor,511622
899,Chicago,3443,3,2,1987,Yes,Excellent,1117268
900,Miami,3717,3,4,2022,No,Fair,612933
901,Seattle,1961,3,1,2013,Yes,Excellent,417103
902,Boston,933,4,2,1970,Yes,Fair,155128
903,Boston,2068,2,3,1982,No,Excellent,744480
904,Austin,1655,1,2,2004,No,Good,355825
905,Miami,2504,3,4,2006,No,Excellent,492787
906,Chicago,3678,2,4,2019,No,Excellent,966578
907,Austin,2146,4,4,1984,Yes,Excellent,512164
908,Austin,2980,4,2,1984,Yes,Good,689440
909,New York,1636,3,2,2014,Yes,Excellent,351596
910,Austin,3524,1,1,1987,Yes,Fair,899633
911,New York,998,2,4,2018,Yes,Good,182654
912,San Francisco,3277,1,2,1999,No,Excellent,821871
913,Austin,2306,5,2,1976,Yes,Good,436610
914,San Francisco,3660,4,1,2020,Yes,Poor,763228
915,Chicago,3503,3,3,1976,Yes,Good,941798
916,Denver,3724,3,3,1982,No,Fair,930627
917,Seattle,2929,3,2,1997,No,Fair,607474
918,Boston,3213,3,3,1980,No,Poor,445321
919,New York,1055,4,1,2016,Yes,Fair,238671
920,San Francisco,3502,1,3,2019,Yes,Good,945034
921,Chicago,2362,1,4,2020,No,Good,595224
922,Seattle,2204,1,2,1996,Yes,Fair,304123
923,Denver,2635,1,2,1976,Yes,Excellent,560188
924,Boston,3774,3,2,2004,No,Fair,522887
925,Denver,3940,4,4,2002,No,Excellent,827400
926,Austin,3437,2,4,2012,Yes,Excellent,904994
927,Austin,1690,3,1,2011,Yes,Good,483200
928,Seattle,3164,5,2,2007,Yes,Good,734556
929,Austin,1725,5,2,2003,Yes,Poor,340855
930,Austin,1205,3,4,2019,Yes,Good,289560
931,Seattle,1090,1,3,2015,No,Good,212550
932,Boston,2118,2,2,1978,Yes,Fair,517684
933,San Francisco,3647,3,1,1982,Yes,Good,699283
934,Chicago,1813,5,4,1984,No,Good,281015
935,Chicago,882,3,4,1978,Yes,Poor,104462
936,Chicago,3110,3,4,1991,No,Excellent,1086012
937,New York,3346,4,4,2014,Yes,Fair,763686
938,Seattle,2713,5,3,2008,Yes,Good,563452
939,San Francisco,3551,4,3,1971,No,Excellent,907635
940,New York,857,1,4,1977,Yes,Good,253388
941,New York,3551,3,2,1971,Yes,Poor,477311
942,Austin,2954,3,1,1987,No,Good,649880
943,Austin,3792,5,3,1978,No,Excellent,755366
944,San Francisco,2446,5,1,1998,Yes,Excellent,555947
945,New York,3761,1,4,1979,Yes,Good,1048036
946,Boston,1390,4,2,2019,No,Excellent,295236
947,San Francisco,3003,1,3,2011,No,Fair,566666
948,Austin,3058,1,3,1985,Yes,Good,838718
949,New York,1950,4,3,2011,Yes,Excellent,609040
950,Denver,1248,5,1,2004,No,Good,227136
951,Chicago,1711,2,3,2002,No,Excellent,533832
952,Seattle,1544,5,2,1989,Yes,Excellent,300889
953,Chicago,3343,2,2,2012,No,Good,518165
954,San Francisco,3462,3,3,1983,Yes,Good,851266
955,Seattle,3240,4,1,1993,No,Excellent,629856
956,Miami,1867,4,3,1990,No,Excellent,401031
957,Boston,3628,1,4,1972,Yes,Poor,657598
958,Seattle,2338,3,1,1983,No,Excellent,690177
959,Denver,3927,3,1,1997,No,Excellent,1314759
960,San Francisco,1708,2,4,1999,No,Excellent,422217
961,San Francisco,1014,2,3,1985,No,Good,236262
962,San Francisco,2431,3,2,1981,Yes,Fair,373677
963,New York,2725,4,1,2008,Yes,Excellent,637840
964,Seattle,983,2,2,1997,No,Good,232971
965,New York,3141,1,3,1996,No,Good,716148
966,Austin,1640,4,2,1999,No,Excellent,442800
967,New York,2278,1,1,2021,Yes,Fair,590890
968,Miami,3144,1,3,2003,Yes,Excellent,1092793
969,Seattle,821,1,2,2002,Yes,Good,188157
970,Chicago,2953,3,4,1998,No,Excellent,825658
971,Austin,2038,4,4,1998,No,Excellent,462218
972,Seattle,2129,2,3,2003,No,Excellent,651474
973,Boston,3640,5,4,1984,Yes,Good,970960
974,Miami,1938,4,2,2008,No,Good,302328
975,Denver,3878,3,3,1990,No,Good,771722
976,Seattle,3912,1,1,1974,No,Good,978000
977,Austin,3078,1,1,2009,Yes,Good,527104
978,Seattle,2171,2,1,1997,Yes,Fair,419667
979,New York,3948,5,3,1995,Yes,Poor,750644
980,New York,1111,4,4,1982,No,Good,173316
981,San Francisco,3124,1,4,1986,Yes,Good,531708
982,Austin,2262,1,3,2020,Yes,Good,665980
983,San Francisco,3531,1,3,1974,Yes,Good,726793
984,Chicago,2173,4,3,2018,No,Good,369410
985,San Francisco,3220,4,1,1994,No,Excellent,579600
986,San Francisco,2426,3,3,1991,No,Good,409994
987,Denver,1616,5,1,1994,No,Good,389456
988,Miami,2595,1,4,2012,No,Good,703245
989,Denver,3388,5,4,2002,Yes,Excellent,843448
990,New York,1646,4,1,2011,Yes,Good,306280
991,Seattle,3496,2,2,1992,Yes,Excellent,958115
992,New York,3258,1,4,2017,Yes,Good,958078
993,Miami,2095,3,4,1978,No,Good,550985
994,Denver,1458,1,2,1992,No,Good,399492
995,Denver,3055,3,4,2016,No,Excellent,1066806
996,Austin,3075,2,1,1999,No,Good,707250
997,New York,1296,5,4,1997,No,Poor,248572
998,Denver,2439,2,1,1974,Yes,Good,644140
999,Miami,3787,3,4,2001,No,Good,1124739
1000,Seattle,3148,4,4,1986,No,Fair,719790
